{"cameraMode":{"drawMode":0,"name":"Shaded","section":"Shading Mode"},"sceneLighting":false,"audioPlay":false,"sceneViewState":{"m_AlwaysRefresh":false,"showFog":true,"showSkybox":false,"showFlares":true,"showImageEffects":true,"showParticleSystems":true,"showVisualEffectGraphs":true,"m_FxEnabled":true},"in2DMode":false,"pivot":{"x":0.18453693389892579,"y":-0.8429985046386719,"z":-0.07034610211849213},"rotation":{"x":0.19171324372291566,"y":0.6708101034164429,"z":-0.18587994575500489,"w":0.6918913125991821},"size":0.8660253882408142,"orthographic":false}