{"cameraMode":{"drawMode":0,"name":"Shaded","section":"Shading Mode"},"sceneLighting":true,"audioPlay":false,"sceneViewState":{"m_AlwaysRefresh":false,"showFog":true,"showSkybox":true,"showFlares":true,"showImageEffects":true,"showParticleSystems":true,"showVisualEffectGraphs":true,"m_FxEnabled":true},"in2DMode":false,"pivot":{"x":0.9811482429504395,"y":5.523619651794434,"z":17.24640655517578},"rotation":{"x":-0.057123035192489627,"y":0.7676169872283936,"z":0.07163401693105698,"w":0.6350715160369873},"size":0.7071067690849304,"orthographic":false}